-- Случайные данные. Любые совпадения с реальными данными случайны.

INSERT INTO tickets_simple (uuid, user_id, email, district, priority, text, created_at) VALUES
	('0190d9e4-3cef-71c6-ae03-4be16c21a9ec', '73816198', 'lali-vejuko14@hotmail.com', 'economic', 'high', 'Помогите! Все сломалось!', '2024-07-22 10:07:10'),
	('0190d9e4-3cef-71c6-ae03-4be16c842be6', '46721400', 'sera-tulune25@gmail.com', 'tech', 'low', 'Помогите! Все сломалось!', '2024-07-22 10:07:10'),
	('0190d9e4-3cef-71c6-ae03-4be16c9af073', '27597327', 'kazujax_ela66@aol.com', 'ohs', 'medium', 'Помогите! Все сломалось!', '2024-07-22 10:07:10'),
	('0190d9e4-3cef-71c6-ae03-4be16cdc271f', '78888561', 'nel-ugeyava63@mail.com', 'economic', 'high', 'Помогите! Все сломалось!', '2024-07-22 10:07:10'),
	('0190d9e4-3cef-71c6-ae03-4be16d24fdb5', '86405244', 'ruxox-uxiru74@outlook.com', 'tech', 'low', 'Помогите! Все сломалось!', '2024-07-22 10:07:10'),
	('0190d9e4-3cef-71c6-ae03-4be16de4a410', '70771337', 'puvijod-aya91@hotmail.com', 'ohs', 'medium', 'Помогите! Все сломалось!', '2024-07-22 10:07:10'),
	('0190d9e4-3cef-71c6-ae03-4be16e9b82fc', '39463639', 'periya_yowi31@gmail.com', 'tech', 'high', 'Помогите! Все сломалось!', '2024-07-22 10:07:10'),
	('0190d9e4-3cef-71c6-ae03-4be16eeaece6', '77317838', 'yezodu-tana41@aol.com', 'ohs', 'low', 'Помогите! Все сломалось!', '2024-07-22 10:07:10'),
	('0190d9e4-3cef-71c6-ae03-4be16f74da81', '66504236', 'nose_fukedi33@hotmail.com', 'tech', 'medium', 'Помогите! Все сломалось!', '2024-07-22 10:07:10'),
	('0190d9e4-3cef-71c6-ae03-4be170128105', '56905050', 'pavi-netafe15@aol.com', 'economic', 'medium', 'Помогите! Все сломалось!', '2024-07-22 10:07:10'),
	('0190d9e4-3cef-71c6-ae03-4be170db53cc', '45202426', 'jotedi_sumu62@mail.com', 'tech', 'high', 'Помогите! Все сломалось!', '2024-07-22 10:07:10'),
	('0190d9e4-3cef-71c6-ae03-4be170f68cf0', '48226615', 'pocic-iyoke29@gmail.com', 'ohs', 'low', 'Помогите! Все сломалось!', '2024-07-22 10:07:10'),
	('0190d9e4-3cef-71c6-ae03-4be171a93ee1', '60091805', 'wugo_wewucu70@yahoo.com', 'tech', 'medium', 'Помогите! Все сломалось!', '2024-07-22 10:07:10'),
	('0190d9e4-3cef-71c6-ae03-4be171dfc658', '37229643', 'jimey_oheca32@mail.com', 'ohs', 'high', 'Помогите! Все сломалось!', '2024-07-22 10:07:10'),
	('0190d9e4-3cef-71c6-ae03-4be17296c864', '22212725', 'vuhuh_akeme73@yahoo.com', 'economic', 'medium', 'Помогите! Все сломалось!', '2024-07-22 10:07:10'),
	('0190d9e4-3cef-71c6-ae03-4be1729d71b3', '35190370', 'jijod_iviba31@mail.com', 'tech', 'high', 'Помогите! Все сломалось!', '2024-07-22 10:07:10'),
	('0190d9e4-3cef-71c6-ae03-4be173731772', '30543071', 'kuna-kuvoja64@hotmail.com', 'ohs', 'low', 'Помогите! Все сломалось!', '2024-07-22 10:07:10'),
	('0190d9e4-3cef-71c6-ae03-4be173b625b5', '77633140', 'poh_ukihiyu86@hotmail.com', 'economic', 'medium', 'Помогите! Все сломалось!', '2024-07-22 10:07:10'),
	('0190d9e4-3cef-71c6-ae03-4be1740c5d09', '51929796', 'pasi-vizeja1@hotmail.com', 'tech', 'high', 'Помогите! Все сломалось!', '2024-07-22 10:07:10'),
	('0190d9e4-3cef-71c6-ae03-4be1749ff5b0', '83793280', 'jojar-inuho95@hotmail.com', 'ohs', 'medium', 'Помогите! Все сломалось!', '2024-07-22 10:07:10'),
	('0190d9e4-3cef-71c6-ae03-4be175888015', '37081349', 'yep-ofiwuye63@aol.com', 'tech', 'medium', 'Помогите! Все сломалось!', '2024-07-22 10:07:10'),
	('0190d9e4-3cef-71c6-ae03-4be175cc8b3d', '66389373', 'gesi_bukezo11@yahoo.com', 'ohs', 'high', 'Помогите! Все сломалось!', '2024-07-22 10:07:10'),
	('0190d9e4-3cef-71c6-ae03-4be17604c9e4', '96919001', 'juze_mugane44@gmail.com', 'economic', 'low', 'Помогите! Все сломалось!', '2024-07-22 10:07:10'),
	('0190d9e4-3cef-71c6-ae03-4be176b5e298', '32485867', 'legeba_yate85@mail.com', 'tech', 'medium', 'Помогите! Все сломалось!', '2024-07-22 10:07:10'),
	('0190d9e4-3cef-71c6-ae03-4be176f940ae', '92414764', 'wadum-idosa49@outlook.com', 'ohs', 'high', 'Помогите! Все сломалось!', '2024-07-22 10:07:10'),
	('0190d9e4-3cef-71c6-ae03-4be1777948a6', '87910636', 'zusacit-ali42@outlook.com', 'tech', 'medium', 'Помогите! Все сломалось!', '2024-07-22 10:07:10'),
	('0190d9e4-3cef-71c6-ae03-4be17795f88e', '81360050', 'vubo_humazo38@aol.com', 'tech', 'medium', 'Помогите! Все сломалось!', '2024-07-22 10:07:10'),
	('0190d9e4-3cef-71c6-ae03-4be1786a71a9', '75000205', 'sacojuv_apo7@gmail.com', 'ohs', 'high', 'Помогите! Все сломалось!', '2024-07-22 10:07:10'),
	('0190d9e4-3cef-71c6-ae03-4be1788137f7', '58315496', 'givezib_iko69@hotmail.com', 'economic', 'low', 'Помогите! Все сломалось!', '2024-07-22 10:07:10'),
	('0190d9e4-3cef-71c6-ae03-4be179451d2a', '80736623', 'coxe_vovuvo89@aol.com', 'tech', 'medium', 'Помогите! Все сломалось!', '2024-07-22 10:07:10'),
	('0190d9e4-d14e-71ac-8cad-78fca53b59bd', '88042150', 'xunulo-rova14@hotmail.com', 'economic', 'high', 'Помогите! Все сломалось!', '2024-07-22 10:07:10');

-- 1
INSERT INTO
  access_levels (id, level_name)
VALUES
  (1, 'Без доступа');

-- 2
INSERT INTO
  access_levels (id, level_name, can_create_reports)
VALUES
  (2, 'Только отправка', True);

-- 3
INSERT INTO
  access_levels (id, level_name, can_create_reports, can_read_reports)
VALUES
  (3, 'Отправка и просмотр', True, True);

-- 4
INSERT INTO
  access_levels (
    id, 
    level_name,
    can_create_reports,
    can_read_reports,
    can_answer_reports
  )
VALUES
  (4, 'Отправка, просмотр и ответ', True, True, True);

-- 5
INSERT INTO
  access_levels (
    id, 
    level_name,
    can_create_reports,
    can_read_reports,
    can_view_analytics_data
  )
VALUES
  (5, 'Отправка, просмотр и аналитика', True, True, True);


INSERT INTO
  access_levels (
    id, 
    level_name,
    can_create_reports,
    can_read_reports,
    can_answer_reports,
    can_view_analytics_data,
    admin_access
  )
VALUES
  (6, 'Администрирование', True, True, True, True, True);


-- INSERT INTO
--   departments (id, department_name, access_level)
-- VALUES
--   (0, 'Администратор сервиса поддержки', 6),
--   (1, 'Гости', 1),
--   (2, 'Сотрудники', 2),
--   (3, 'Специалисты технической поддержки', 4),
--   (4, 'Аналитик', 5);

INSERT INTO
  departments (id, department_name)
VALUES
  (0, 'Гости'),
  (1, 'Отдел технической поддержки'),
  (2, 'Отдел охраны труда'),
  (3, 'Отдел информатизации'),
  (4, 'Отдел закупок'),
  (5, 'Бухгалтерия');

INSERT INTO
  positions (id, position_name, department_id, access_level)
VALUES
  (0, 'Администратор сервиса поддержки', 1, 6),
  (1, 'Аналитик', 1, 5),
  (2, 'Специалист технической поддержки', 1, 4),
  (3, 'Младший сотрудник', 2, 2),
  (4, 'Младший сотрудник', 3, 2),
  (5, 'Младший сотрудник', 4, 2),
  (6, 'Младший сотрудник', 5, 2),
  (7, 'Гость', 0, 1);


INSERT INTO
  priority_list (id, priority_name)
VALUES
  (0, 'Низкий'),
  (1, 'Обычный'),
  (2, 'Высокий');


INSERT INTO
  problems_list (id, problem_name)
VALUES
  (1, 'Общее'),
  (2, 'Электроника'),
  (3, 'Документооборот'),
  (4, 'Информ. система'),
  (5, 'Почта'),
  (6, '1С');


INSERT INTO users (id, employee_id, first_name, middle_name, last_name, username, email, password, position_id) VALUES 
	(1, 75806698, 'Евгений', 'Олегович', 'Иванов', 'test', 'admin@internal.portal', MD5('test'), 0),
	(2, 58971200, 'Григорий', 'Евгеньевич', 'Тротиллов', 'tost', 'analitic@internal.portal', MD5('tost'), 1),
	(3, 58971201, 'Леонид', 'Ролеплеевич', 'Пахомов', 'tist', 'tech_support@internal.portal', MD5('tist'), 2),
	(4, 95806698, 'Даниил', 'Олегович', 'Иванов', 'tast', 'ml_sotr1@internal.portal', MD5('tast'), 3),
	(5, 58071201, 'Леонид', 'Нуборпшевич', 'Пахомов', 'tyst', 'guest@internal.portal', MD5('tyst'), 7);